product_id,product_code,product_name,product_category,product_subcategory,brand,unit_of_measure,standard_cost,list_price,product_status,created_date,modified_date
1,PRD00001,Servers - Natus Model 407,IT Equipment,Servers,BlueOcean,SET,2613.4,3742.68,Active,2021-12-28,2023-05-07
2,PRD00002,Plastic Resin - Eius Type 359,Raw Materials,Plastic Resin,Vertex,BOX,20141.29,23387.05,Discontinued,2025-03-25,2025-09-05
3,PRD00003,Labels - Officiis Type 632,Packaging,Labels,Global Supply Co,BOX,33605.09,37101.36,Active,2019-05-16,2019-08-01
4,PRD00004,Tools - Sint Type 395,MRO,Tools,Vertex,BOX,12616.77,17862.52,Active,2016-02-18,2017-09-23
5,PRD00005,Stationery - Nam Series 103,Office Supplies,Stationery,Acme Corp,PALLET,22490.19,27175.06,Active,2018-05-19,2021-01-11
6,PRD00006,Stationery - Occaecati Type 447,Office Supplies,Stationery,Aarav Traders,HOUR,45713.1,72330.27,Active,2018-09-11,2023-05-08
7,PRD00007,Security Services - Ducimus Type 283,Services,Security Services,Zenith Industries,BOX,21883.63,28638.61,Active,2019-01-29,2022-03-25
8,PRD00008,Networking - Ipsa Type 912,IT Equipment,Networking,Aarav Traders,BOX,33301.54,47768.37,Discontinued,2017-08-17,2024-05-17
9,PRD00009,Furniture - Harum Model 702,Office Supplies,Furniture,Zenith Industries,KG,47743.16,70633.68,Active,2025-03-11,2025-09-21
10,PRD00010,Spare Parts - Voluptatum Series 322,MRO,Spare Parts,Global Supply Co,MTR,36423.91,40592.19,Active,2025-03-06,2025-04-04
11,PRD00011,Peripherals - Nulla Type 373,IT Equipment,Peripherals,Zenith Industries,BOX,8671.32,13072.36,Active,2022-09-12,2024-06-26
12,PRD00012,Steel - Porro Type 146,Raw Materials,Steel,Prime Vendors,KG,21590.04,31213.8,Active,2020-01-09,2022-06-08
13,PRD00013,Plastic Resin - In Model 742,Raw Materials,Plastic Resin,Vertex,PAIR,23885.08,35536.74,Active,2018-10-06,2020-09-19
14,PRD00014,Textiles - Officiis Type 556,Raw Materials,Textiles,Aarav Traders,MTR,16811.27,21668.47,Active,2018-01-21,2018-05-08
15,PRD00015,Chemicals - Soluta Model 867,Raw Materials,Chemicals,Vertex,BOX,48221.58,72316.38,Active,2021-09-16,2021-12-17
16,PRD00016,Networking - Vero Model 679,IT Equipment,Networking,Vertex,BOX,39942.4,59592.24,Active,2021-02-01,2025-05-16
17,PRD00017,Cleaning Supplies - Quam Series 771,Office Supplies,Cleaning Supplies,Zenith Industries,EA,42997.98,57215.21,Active,2016-02-16,2018-04-20
18,PRD00018,Logistics - Nobis Series 408,Services,Logistics,Northstar,KG,19685.19,27176.93,Active,2020-04-27,2021-07-15
19,PRD00019,Security Services - Quasi Model 369,Services,Security Services,Prime Vendors,KG,5639.2,7651.73,Active,2020-11-12,2021-05-05
20,PRD00020,Peripherals - Omnis Type 837,IT Equipment,Peripherals,Titan Works,LTR,36908.31,45226.66,Active,2021-06-21,2022-12-10
21,PRD00021,Furniture - Saepe Series 345,Office Supplies,Furniture,Aarav Traders,SET,15693.94,21556.5,Discontinued,2018-11-22,2021-05-03
22,PRD00022,Timber - Totam Model 475,Raw Materials,Timber,Northstar,PALLET,5922.21,8076.19,Active,2023-07-26,2025-08-10
23,PRD00023,Timber - Dolorum Model 824,Raw Materials,Timber,Zenith Industries,KG,29591.4,38781.05,Active,2022-07-29,2026-02-05
24,PRD00024,Lubricants - Cupiditate Series 899,MRO,Lubricants,BlueOcean,PAIR,7862.47,10672.52,Under Review,2016-02-05,2022-04-03
25,PRD00025,Servers - Magnam Type 661,IT Equipment,Servers,Titan Works,EA,39402.26,62839.55,Active,2020-09-10,2023-01-02
26,PRD00026,Facility Management - Quisquam Series 909,Services,Facility Management,Acme Corp,HOUR,43332.86,47940.44,Active,2025-07-26,2025-10-12
27,PRD00027,Pallets - Quae Model 618,Packaging,Pallets,BlueOcean,LTR,15208.8,17193.07,Active,2024-10-26,2025-07-26
28,PRD00028,Logistics - Rem Series 298,Services,Logistics,Zenith Industries,MTR,8631.48,12040.85,Active,2022-06-09,2026-01-14
29,PRD00029,Textiles - Qui Type 293,Raw Materials,Textiles,Northstar,KG,1159.75,1785.25,Active,2025-09-28,2025-12-18
30,PRD00030,Timber - Nisi Model 155,Raw Materials,Timber,Prime Vendors,LTR,42870.34,53001.22,Active,2021-08-13,2023-11-28
31,PRD00031,Spare Parts - Architecto Type 328,MRO,Spare Parts,Everest Materials,SET,33923.9,53829.53,Discontinued,2016-03-11,2022-02-08
32,PRD00032,Tools - Ipsam Type 720,MRO,Tools,BlueOcean,EA,690.75,1041.63,Discontinued,2021-09-16,2026-02-27
33,PRD00033,Software Licenses - Ex Type 972,IT Equipment,Software Licenses,Global Supply Co,LTR,10628.67,15723.4,Active,2022-01-28,2025-10-16
34,PRD00034,Security Services - Delectus Model 255,Services,Security Services,BlueOcean,BOX,34488.89,39548.61,Active,2018-03-03,2019-10-09
35,PRD00035,Laptops - Asperiores Model 310,IT Equipment,Laptops,Aarav Traders,PAIR,23356.41,36214.6,Active,2019-10-17,2023-05-07
36,PRD00036,Bubble Wrap - Eum Model 401,Packaging,Bubble Wrap,Everest Materials,PALLET,38676.21,52680.6,Active,2017-07-25,2018-12-14
37,PRD00037,Safety Equipment - Necessitatibus Type 913,MRO,Safety Equipment,Zenith Industries,MTR,35829.9,46953.34,Active,2023-11-15,2025-03-04
38,PRD00038,Cleaning Supplies - Occaecati Type 828,Office Supplies,Cleaning Supplies,Zenith Industries,CARTON,42758.69,49180.47,Active,2020-11-15,2026-02-13
39,PRD00039,Logistics - Provident Model 369,Services,Logistics,Zenith Industries,CARTON,28254.27,44641.9,Active,2024-05-01,2024-11-25
40,PRD00040,Software Licenses - Nesciunt Model 104,IT Equipment,Software Licenses,Zenith Industries,HOUR,15959.24,23997.18,Discontinued,2020-07-01,2022-12-08
41,PRD00041,Bubble Wrap - Natus Model 744,Packaging,Bubble Wrap,Acme Corp,EA,30838.86,46549.4,Discontinued,2016-08-29,2018-02-03
42,PRD00042,Steel - Aspernatur Series 784,Raw Materials,Steel,Global Supply Co,BOX,37943.98,51109.39,Active,2016-01-19,2016-06-29
43,PRD00043,Lubricants - Soluta Model 236,MRO,Lubricants,Everest Materials,LTR,34352.12,42455.54,Active,2022-05-18,2023-02-08
44,PRD00044,Servers - Vero Series 299,IT Equipment,Servers,Northstar,PALLET,24925.71,30973.89,Active,2018-11-16,2026-06-24
45,PRD00045,Stationery - Atque Model 693,Office Supplies,Stationery,Prime Vendors,PALLET,1788.15,2390.38,Active,2019-12-31,2024-07-23
46,PRD00046,Steel - Recusandae Series 979,Raw Materials,Steel,Titan Works,SET,24799.47,39003.45,Active,2016-09-23,2017-07-23
47,PRD00047,Logistics - Error Series 114,Services,Logistics,Northstar,LTR,35416.95,42387.95,Active,2024-12-17,2025-09-03
48,PRD00048,Laptops - Adipisci Type 500,IT Equipment,Laptops,Titan Works,SET,31710.42,49018.52,Active,2023-11-30,2023-12-27
49,PRD00049,Textiles - Eum Model 453,Raw Materials,Textiles,Aarav Traders,SET,33791.07,51063.14,Discontinued,2025-03-21,2026-06-09
50,PRD00050,Bubble Wrap - Magni Model 758,Packaging,Bubble Wrap,Aarav Traders,BOX,47685.08,70034.47,Active,2022-04-12,2024-12-23
51,PRD00051,Tools - Necessitatibus Type 784,MRO,Tools,Prime Vendors,BOX,22504.47,34172.52,Active,2024-04-15,2026-03-11
52,PRD00052,Logistics - Suscipit Model 943,Services,Logistics,BlueOcean,BOX,414.66,521.98,Active,2020-11-24,2025-11-26
53,PRD00053,Tools - Est Type 395,MRO,Tools,Everest Materials,KG,29560.66,33056.73,Active,2017-09-17,2023-12-18
54,PRD00054,Labels - Facere Series 643,Packaging,Labels,Northstar,EA,24718.96,33808.49,Active,2017-09-24,2025-05-31
55,PRD00055,Facility Management - Voluptate Type 924,Services,Facility Management,Titan Works,PAIR,8506.35,12738.8,Active,2020-04-10,2020-09-13
56,PRD00056,Textiles - Odit Model 893,Raw Materials,Textiles,Acme Corp,KG,42210.21,63786.5,Active,2025-07-05,2026-01-15
57,PRD00057,Tools - Fuga Series 482,MRO,Tools,BlueOcean,KG,43493.68,58938.9,Active,2017-03-08,2019-06-02
58,PRD00058,Networking - Inventore Type 721,IT Equipment,Networking,Global Supply Co,HOUR,9310.03,13187.66,Active,2016-12-07,2017-05-11
59,PRD00059,Safety Equipment - Dolorum Type 981,MRO,Safety Equipment,Everest Materials,EA,33826.36,49478.72,Active,2020-06-14,2022-08-22
60,PRD00060,Spare Parts - Provident Model 300,MRO,Spare Parts,BlueOcean,EA,26322.9,30481.8,Active,2021-01-04,2024-04-07
61,PRD00061,Software Licenses - Sapiente Model 311,IT Equipment,Software Licenses,BlueOcean,BOX,18484.42,21057.8,Active,2022-10-12,2024-03-23
62,PRD00062,Textiles - Assumenda Series 203,Raw Materials,Textiles,Prime Vendors,KG,35350.44,49410.4,Active,2017-01-20,2022-10-03
63,PRD00063,Labels - Mollitia Type 486,Packaging,Labels,BlueOcean,LTR,14404.53,21336.33,Active,2022-08-30,2024-10-10
64,PRD00064,Textiles - Velit Type 122,Raw Materials,Textiles,Prime Vendors,CARTON,8666.33,10100.52,Active,2021-07-28,2024-11-19
65,PRD00065,Networking - Sed Type 396,IT Equipment,Networking,Zenith Industries,BOX,35306.62,48104.97,Active,2021-11-13,2022-03-23
66,PRD00066,Bubble Wrap - Culpa Type 615,Packaging,Bubble Wrap,Northstar,HOUR,45396.08,69944.13,Discontinued,2021-12-04,2025-09-02
67,PRD00067,Cleaning Supplies - Expedita Model 457,Office Supplies,Cleaning Supplies,Vertex,EA,30470.97,45031.33,Active,2020-07-31,2025-02-23
68,PRD00068,Bubble Wrap - Facilis Model 639,Packaging,Bubble Wrap,BlueOcean,HOUR,39830.99,56467.29,Discontinued,2021-05-05,2025-05-12
69,PRD00069,Laptops - Repudiandae Type 234,IT Equipment,Laptops,Aarav Traders,BOX,44576.5,54298.67,Active,2023-01-18,2024-06-03
70,PRD00070,Printer Consumables - Iure Model 796,Office Supplies,Printer Consumables,Everest Materials,PALLET,19569.72,21701.28,Active,2023-03-19,2025-08-29
71,PRD00071,Stationery - Deleniti Model 169,Office Supplies,Stationery,Prime Vendors,EA,45997.89,55539.17,Active,2024-09-14,2024-12-31
72,PRD00072,Printer Consumables - Amet Series 439,Office Supplies,Printer Consumables,Global Supply Co,BOX,9575.98,12562.88,Active,2022-04-20,2022-07-08
73,PRD00073,Steel - Similique Series 487,Raw Materials,Steel,Northstar,EA,43610.17,62752.52,Active,2021-05-26,2025-06-09
74,PRD00074,Logistics - Illo Series 591,Services,Logistics,Aarav Traders,PALLET,31489.95,40310.49,Active,2022-01-31,2023-03-21
75,PRD00075,Servers - Aut Series 162,IT Equipment,Servers,Global Supply Co,EA,7613.95,11130.32,Active,2020-05-20,2026-02-05
76,PRD00076,Spare Parts - Molestias Series 476,MRO,Spare Parts,Prime Vendors,MTR,31779.72,35387.31,Under Review,2018-12-06,2026-05-11
77,PRD00077,Networking - Culpa Model 481,IT Equipment,Networking,Zenith Industries,BOX,46336.33,68241.62,Active,2022-12-26,2023-08-10
78,PRD00078,Software Licenses - Voluptatem Type 239,IT Equipment,Software Licenses,Northstar,MTR,4429.66,5375.31,Active,2024-12-06,2026-05-17
79,PRD00079,Bubble Wrap - Dolorem Type 785,Packaging,Bubble Wrap,Zenith Industries,PALLET,40964.67,50075.6,Active,2024-06-01,2026-03-30
80,PRD00080,Printer Consumables - Voluptas Model 247,Office Supplies,Printer Consumables,Aarav Traders,PALLET,20452.04,32410.27,Active,2019-01-06,2019-06-02
81,PRD00081,Facility Management - Distinctio Model 803,Services,Facility Management,Acme Corp,MTR,48206.76,70355.68,Active,2020-12-14,2022-04-13
82,PRD00082,Servers - Est Series 943,IT Equipment,Servers,Everest Materials,LTR,5984.68,7266.2,Active,2023-09-16,2025-05-26
83,PRD00083,Cartons - Quam Model 685,Packaging,Cartons,Northstar,PAIR,11225.36,14041.36,Active,2018-05-23,2022-12-15
84,PRD00084,Spare Parts - Pariatur Series 426,MRO,Spare Parts,BlueOcean,EA,13795.64,17329.25,Active,2016-01-15,2021-11-22
85,PRD00085,Servers - Iste Type 796,IT Equipment,Servers,BlueOcean,LTR,34876.67,40590.51,Active,2017-06-03,2026-06-30
86,PRD00086,Cleaning Supplies - Officia Type 567,Office Supplies,Cleaning Supplies,Titan Works,SET,23674.41,31391.58,Active,2016-11-03,2021-07-11
87,PRD00087,Laptops - Ipsam Type 466,IT Equipment,Laptops,Everest Materials,HOUR,40156.63,54622.9,Active,2018-06-07,2021-01-08
88,PRD00088,Software Licenses - Dignissimos Type 116,IT Equipment,Software Licenses,Aarav Traders,LTR,27335.33,34114.34,Active,2016-02-08,2025-12-19
89,PRD00089,Lubricants - Ab Model 387,MRO,Lubricants,Global Supply Co,EA,2786.65,4366.17,Under Review,2024-03-02,2025-07-16
90,PRD00090,Labels - Modi Series 666,Packaging,Labels,BlueOcean,BOX,1650.28,2319.22,Active,2018-03-20,2019-12-14
91,PRD00091,Peripherals - Odio Type 268,IT Equipment,Peripherals,BlueOcean,HOUR,33202.66,49379.93,Active,2024-04-30,2024-08-24
92,PRD00092,Bubble Wrap - Ab Series 892,Packaging,Bubble Wrap,Acme Corp,SET,45748.05,51754.27,Active,2025-03-22,2026-06-14
93,PRD00093,Cartons - Inventore Series 310,Packaging,Cartons,Northstar,PAIR,15429.13,23971.96,Active,2016-05-10,2020-10-18
94,PRD00094,Textiles - Id Type 671,Raw Materials,Textiles,Everest Materials,KG,46613.62,70942.96,Active,2023-07-08,2024-06-04
95,PRD00095,Spare Parts - Delectus Type 413,MRO,Spare Parts,Vertex,KG,24370.89,27191.01,Active,2020-07-09,2022-09-06
96,PRD00096,Timber - Sapiente Type 247,Raw Materials,Timber,Acme Corp,PALLET,37901.66,47645.63,Active,2020-07-07,2021-03-12
97,PRD00097,Chemicals - Amet Model 349,Raw Materials,Chemicals,Zenith Industries,EA,17706.19,27457.99,Active,2021-01-20,2023-02-08
98,PRD00098,Stationery - Fugiat Model 263,Office Supplies,Stationery,BlueOcean,LTR,624.77,868.09,Active,2025-05-17,2025-09-21
99,PRD00099,Networking - Ex Model 573,IT Equipment,Networking,Global Supply Co,MTR,18556.1,25386.94,Active,2020-01-29,2022-03-15
100,PRD00100,Logistics - Vero Type 194,Services,Logistics,Northstar,HOUR,14733.68,20984.49,Active,2024-02-27,2024-10-09
101,PRD00101,Peripherals - Voluptatum Series 456,IT Equipment,Peripherals,Everest Materials,EA,29308.95,45319.87,Discontinued,2022-03-15,2022-03-29
102,PRD00102,Timber - Alias Type 651,Raw Materials,Timber,Everest Materials,KG,30316.49,45312.47,Under Review,2018-12-16,2026-02-10
103,PRD00103,Tools - Incidunt Type 807,MRO,Tools,Northstar,MTR,36271.74,57579.66,Active,2021-08-25,2024-05-30
104,PRD00104,Consulting - Quaerat Series 823,Services,Consulting,Northstar,MTR,40693.67,58825.02,Active,2018-08-05,2020-11-10
105,PRD00105,Facility Management - Sit Type 460,Services,Facility Management,Aarav Traders,SET,31668.72,42351.98,Active,2022-08-31,2022-10-16
106,PRD00106,Bubble Wrap - Perferendis Series 500,Packaging,Bubble Wrap,Global Supply Co,SET,12423.51,19120.07,Active,2016-11-21,2024-03-15
107,PRD00107,Bubble Wrap - Harum Type 744,Packaging,Bubble Wrap,Titan Works,EA,17382.14,27413.05,Active,2016-08-11,2018-12-25
108,PRD00108,Plastic Resin - Adipisci Type 738,Raw Materials,Plastic Resin,BlueOcean,CARTON,36295.86,47735.15,Active,2022-09-10,2023-11-02
109,PRD00109,Security Services - Laudantium Type 283,Services,Security Services,Acme Corp,BOX,30307.66,41663.84,Active,2023-07-22,2024-06-02
110,PRD00110,Bubble Wrap - Enim Series 553,Packaging,Bubble Wrap,Aarav Traders,PALLET,40373.24,63584.38,Active,2016-05-23,2026-04-19
111,PRD00111,Safety Equipment - Eveniet Series 680,MRO,Safety Equipment,Northstar,CARTON,17198.31,20131.53,Active,2020-08-13,2025-10-13
112,PRD00112,Servers - Culpa Series 938,IT Equipment,Servers,Everest Materials,KG,12240.8,13861.0,Under Review,2017-11-11,2023-10-10
113,PRD00113,Lubricants - Cumque Type 239,MRO,Lubricants,Acme Corp,BOX,40257.42,44406.68,Active,2018-06-04,2026-02-10
114,PRD00114,Furniture - Quidem Model 859,Office Supplies,Furniture,Global Supply Co,CARTON,3795.74,6044.36,Active,2024-11-17,2026-06-14
115,PRD00115,Bubble Wrap - Tenetur Type 148,Packaging,Bubble Wrap,Vertex,EA,13266.94,19372.13,Active,2017-09-16,2020-01-01
116,PRD00116,Bubble Wrap - Illum Model 999,Packaging,Bubble Wrap,Everest Materials,SET,1536.81,1762.73,Active,2023-03-22,2024-06-03
117,PRD00117,Facility Management - Esse Type 344,Services,Facility Management,Northstar,BOX,3239.51,3899.28,Under Review,2025-08-09,2025-11-30
118,PRD00118,Plastic Resin - Porro Model 119,Raw Materials,Plastic Resin,Global Supply Co,LTR,38196.07,51083.57,Active,2017-05-12,2026-01-14
119,PRD00119,Logistics - Consectetur Type 787,Services,Logistics,Vertex,SET,39748.46,56442.99,Active,2025-05-31,2025-09-26
120,PRD00120,Security Services - Similique Type 412,Services,Security Services,Global Supply Co,SET,6313.0,7160.98,Active,2019-05-29,2023-09-09
121,PRD00121,Timber - Quae Series 507,Raw Materials,Timber,Prime Vendors,BOX,22950.12,29578.48,Active,2017-06-22,2023-11-21
122,PRD00122,Networking - Culpa Model 980,IT Equipment,Networking,Zenith Industries,SET,15611.43,23797.7,Active,2019-03-26,2020-05-01
123,PRD00123,Plastic Resin - Eligendi Series 692,Raw Materials,Plastic Resin,Northstar,HOUR,1643.06,2408.45,Discontinued,2018-03-24,2022-07-15
124,PRD00124,Printer Consumables - Nam Model 788,Office Supplies,Printer Consumables,BlueOcean,PALLET,44914.14,69910.26,Active,2020-06-03,2025-04-11
125,PRD00125,Security Services - Quis Model 524,Services,Security Services,BlueOcean,CARTON,8590.76,11102.16,Active,2020-06-26,2024-01-05
126,PRD00126,Cleaning Supplies - Impedit Series 868,Office Supplies,Cleaning Supplies,Acme Corp,CARTON,49616.63,59888.02,Active,2022-10-11,2022-10-13
127,PRD00127,Facility Management - Error Type 997,Services,Facility Management,Zenith Industries,PALLET,34708.62,39004.07,Active,2022-09-09,2024-11-11
128,PRD00128,Cleaning Supplies - Dolore Type 607,Office Supplies,Cleaning Supplies,Global Supply Co,LTR,37343.69,50481.43,Active,2016-11-22,2023-04-24
129,PRD00129,Plastic Resin - Esse Series 668,Raw Materials,Plastic Resin,Prime Vendors,PAIR,33240.63,51849.64,Active,2024-04-03,2025-01-31
130,PRD00130,Printer Consumables - Possimus Model 573,Office Supplies,Printer Consumables,Zenith Industries,PAIR,36398.88,49969.32,Active,2025-01-22,2025-09-20
131,PRD00131,Textiles - Tenetur Type 442,Raw Materials,Textiles,Prime Vendors,HOUR,35839.98,43896.6,Active,2020-12-07,2022-12-23
132,PRD00132,Textiles - Dolor Type 530,Raw Materials,Textiles,Acme Corp,LTR,26480.74,39253.6,Active,2016-03-18,2019-10-02
133,PRD00133,Logistics - Nesciunt Model 561,Services,Logistics,Aarav Traders,PAIR,13377.26,16849.77,Discontinued,2018-05-23,2023-02-24
134,PRD00134,Lubricants - Doloribus Type 390,MRO,Lubricants,Titan Works,EA,7908.98,11538.29,Active,2020-12-21,2021-03-03
135,PRD00135,Peripherals - Consequuntur Type 785,IT Equipment,Peripherals,Zenith Industries,LTR,31226.24,36051.36,Active,2021-12-31,2024-11-18
136,PRD00136,Spare Parts - Hic Type 202,MRO,Spare Parts,BlueOcean,MTR,43522.81,67018.93,Under Review,2018-01-19,2025-12-18
137,PRD00137,Spare Parts - Quae Model 427,MRO,Spare Parts,Titan Works,PALLET,43381.02,62152.82,Active,2019-02-22,2025-09-30
138,PRD00138,Plastic Resin - Numquam Series 552,Raw Materials,Plastic Resin,Zenith Industries,PAIR,938.08,1155.07,Active,2023-05-03,2026-03-09
139,PRD00139,Tools - Optio Series 473,MRO,Tools,Aarav Traders,SET,28034.73,41283.68,Active,2024-07-11,2026-05-20
140,PRD00140,Labels - Esse Type 448,Packaging,Labels,BlueOcean,PAIR,5368.57,6723.69,Active,2025-11-23,2026-06-15
141,PRD00141,Steel - Impedit Type 210,Raw Materials,Steel,Acme Corp,CARTON,49259.94,69647.01,Active,2022-09-06,2023-10-14
142,PRD00142,Security Services - Fugiat Type 791,Services,Security Services,Prime Vendors,SET,47375.17,58976.27,Discontinued,2023-09-17,2026-05-07
143,PRD00143,Furniture - Tempore Model 198,Office Supplies,Furniture,Aarav Traders,LTR,33822.53,43252.3,Active,2021-03-01,2021-07-04
144,PRD00144,Steel - Incidunt Type 839,Raw Materials,Steel,Zenith Industries,HOUR,17592.59,19540.2,Active,2021-08-08,2026-04-18
145,PRD00145,Pallets - Totam Series 440,Packaging,Pallets,BlueOcean,PAIR,35316.0,43474.59,Active,2019-02-13,2021-09-07
146,PRD00146,Pallets - Quis Type 138,Packaging,Pallets,Northstar,SET,49959.74,67824.78,Active,2025-02-08,2025-07-17
147,PRD00147,Peripherals - Eaque Model 233,IT Equipment,Peripherals,Vertex,EA,33061.02,47204.8,Active,2018-06-12,2024-11-17
148,PRD00148,Spare Parts - Eaque Series 535,MRO,Spare Parts,Vertex,BOX,44900.03,60558.0,Active,2024-05-10,2025-02-15
149,PRD00149,Servers - Sapiente Series 296,IT Equipment,Servers,Zenith Industries,MTR,35400.55,56031.53,Active,2020-03-08,2022-05-05
150,PRD00150,Plastic Resin - Dolores Series 139,Raw Materials,Plastic Resin,Titan Works,CARTON,11139.28,15537.71,Active,2017-11-03,2024-07-24
151,PRD00151,Printer Consumables - Quo Model 881,Office Supplies,Printer Consumables,Northstar,PALLET,35886.15,55463.97,Under Review,2017-11-18,2023-12-20
152,PRD00152,Furniture - Dolor Type 457,Office Supplies,Furniture,Everest Materials,MTR,33756.54,47567.87,Active,2017-04-10,2021-12-24
153,PRD00153,Security Services - Saepe Type 927,Services,Security Services,Titan Works,BOX,11817.07,13613.73,Discontinued,2021-05-12,2022-04-20
154,PRD00154,Textiles - Aut Type 996,Raw Materials,Textiles,Vertex,MTR,46855.37,56979.4,Active,2018-06-06,2025-06-04
155,PRD00155,Security Services - Aut Series 785,Services,Security Services,Vertex,MTR,2994.87,3405.74,Active,2025-05-09,2025-06-06
156,PRD00156,Software Licenses - Dignissimos Model 500,IT Equipment,Software Licenses,Everest Materials,PAIR,43027.05,56608.66,Under Review,2025-06-20,2026-01-30
157,PRD00157,Safety Equipment - Maxime Type 982,MRO,Safety Equipment,BlueOcean,HOUR,2968.86,3527.5,Active,2017-07-15,2025-08-16
158,PRD00158,Safety Equipment - Laudantium Series 575,MRO,Safety Equipment,Northstar,SET,14732.37,18573.99,Active,2019-03-09,2020-06-10
159,PRD00159,Spare Parts - Quibusdam Model 207,MRO,Spare Parts,Titan Works,KG,12174.23,15039.11,Active,2023-05-09,2024-07-17
160,PRD00160,Cleaning Supplies - Rerum Model 507,Office Supplies,Cleaning Supplies,Northstar,MTR,44845.11,64505.94,Active,2018-02-25,2019-04-05
161,PRD00161,Pallets - Laboriosam Type 263,Packaging,Pallets,Zenith Industries,HOUR,31530.2,42730.08,Discontinued,2016-03-19,2019-10-11
162,PRD00162,Peripherals - Libero Series 562,IT Equipment,Peripherals,BlueOcean,BOX,2924.13,4298.01,Active,2022-04-29,2025-07-13
163,PRD00163,Textiles - Voluptates Model 695,Raw Materials,Textiles,Zenith Industries,BOX,19275.94,25354.07,Active,2022-06-09,2022-10-27
164,PRD00164,Lubricants - Provident Series 635,MRO,Lubricants,Everest Materials,MTR,39600.56,48231.3,Active,2019-11-16,2022-09-11
165,PRD00165,Steel - Repellat Model 919,Raw Materials,Steel,Zenith Industries,BOX,30460.42,37391.31,Active,2021-06-01,2025-06-02
166,PRD00166,Software Licenses - Asperiores Type 949,IT Equipment,Software Licenses,Northstar,CARTON,14417.67,15864.97,Under Review,2019-11-22,2023-01-17
167,PRD00167,Cartons - Dignissimos Type 219,Packaging,Cartons,Global Supply Co,LTR,32633.07,43656.81,Active,2023-01-20,2025-04-14
168,PRD00168,Lubricants - Laborum Series 427,MRO,Lubricants,BlueOcean,KG,13909.99,20437.29,Active,2018-06-12,2025-12-18
169,PRD00169,Printer Consumables - Fuga Type 199,Office Supplies,Printer Consumables,Everest Materials,LTR,37133.73,46553.25,Active,2024-01-05,2025-05-05
170,PRD00170,Tools - Itaque Type 215,MRO,Tools,Global Supply Co,EA,21205.16,24257.48,Active,2022-11-18,2025-09-28
171,PRD00171,Chemicals - Veritatis Model 174,Raw Materials,Chemicals,Northstar,BOX,28018.75,43662.78,Active,2016-11-08,2019-03-03
172,PRD00172,Safety Equipment - Placeat Model 562,MRO,Safety Equipment,Titan Works,BOX,27885.84,41469.44,Under Review,2016-11-24,2022-01-21
173,PRD00173,Servers - Laboriosam Model 438,IT Equipment,Servers,Acme Corp,HOUR,30931.23,38566.34,Active,2025-10-23,2026-06-12
174,PRD00174,Cartons - Architecto Series 861,Packaging,Cartons,Titan Works,HOUR,38630.49,49734.11,Active,2019-05-19,2025-09-29
175,PRD00175,Printer Consumables - Dignissimos Series 784,Office Supplies,Printer Consumables,Zenith Industries,LTR,11067.11,16318.27,Active,2018-01-31,2023-07-05
176,PRD00176,Cleaning Supplies - Libero Model 932,Office Supplies,Cleaning Supplies,BlueOcean,EA,7511.93,9078.75,Active,2023-05-21,2024-01-02
177,PRD00177,Textiles - Provident Type 360,Raw Materials,Textiles,Zenith Industries,KG,44204.03,49787.15,Active,2020-04-27,2026-04-20
178,PRD00178,Networking - Voluptates Model 996,IT Equipment,Networking,Acme Corp,PAIR,28058.47,36267.33,Active,2016-01-19,2016-11-21
179,PRD00179,Cartons - Quis Series 614,Packaging,Cartons,Prime Vendors,MTR,32267.88,48350.89,Active,2020-08-23,2023-11-12
180,PRD00180,Facility Management - Inventore Type 742,Services,Facility Management,Global Supply Co,MTR,6502.54,10290.69,Active,2020-10-10,2021-02-11
181,PRD00181,Chemicals - Mollitia Series 573,Raw Materials,Chemicals,Everest Materials,BOX,20737.13,23161.4,Active,2018-05-05,2024-10-25
182,PRD00182,Stationery - Sint Type 195,Office Supplies,Stationery,Everest Materials,LTR,35918.94,47066.47,Under Review,2018-06-26,2026-01-10
183,PRD00183,Facility Management - Nihil Type 165,Services,Facility Management,Acme Corp,HOUR,14147.56,17280.26,Active,2020-04-06,2021-03-16
184,PRD00184,Chemicals - Aperiam Model 543,Raw Materials,Chemicals,Acme Corp,HOUR,37356.97,53496.24,Active,2020-08-03,2025-04-06
185,PRD00185,Spare Parts - At Series 554,MRO,Spare Parts,Everest Materials,BOX,48108.7,58393.28,Active,2023-06-01,2025-01-18
186,PRD00186,Bubble Wrap - Harum Series 469,Packaging,Bubble Wrap,Prime Vendors,KG,3500.93,5223.03,Under Review,2020-01-05,2025-02-04
187,PRD00187,Furniture - Incidunt Series 950,Office Supplies,Furniture,Titan Works,SET,33715.23,39840.78,Active,2021-04-07,2024-03-06
188,PRD00188,Security Services - Odio Type 396,Services,Security Services,Northstar,KG,43941.45,53590.7,Active,2021-12-13,2024-05-08
189,PRD00189,Plastic Resin - Earum Series 853,Raw Materials,Plastic Resin,Acme Corp,LTR,34510.69,45042.65,Active,2019-12-07,2024-01-20
190,PRD00190,Steel - Aliquam Series 292,Raw Materials,Steel,Titan Works,KG,39159.53,61633.47,Active,2023-02-06,2026-04-27
191,PRD00191,Security Services - Libero Type 141,Services,Security Services,Northstar,MTR,13982.56,19642.22,Active,2021-05-31,2021-06-20
192,PRD00192,Spare Parts - Odio Series 344,MRO,Spare Parts,Aarav Traders,CARTON,45409.11,70853.7,Active,2023-02-15,2025-08-29
193,PRD00193,Servers - Ad Series 552,IT Equipment,Servers,Vertex,PALLET,2144.63,3252.83,Active,2016-08-13,2017-11-11
194,PRD00194,Labels - Vero Model 127,Packaging,Labels,Titan Works,BOX,20421.3,28006.12,Discontinued,2017-03-25,2020-10-19
195,PRD00195,Software Licenses - Sequi Model 956,IT Equipment,Software Licenses,BlueOcean,PALLET,10788.78,12424.29,Active,2025-04-14,2026-02-28
196,PRD00196,Security Services - Et Model 779,Services,Security Services,Titan Works,KG,24862.79,36095.86,Discontinued,2017-10-31,2018-02-14
197,PRD00197,Safety Equipment - Voluptatem Type 507,MRO,Safety Equipment,Aarav Traders,PALLET,29758.41,33212.55,Active,2025-11-27,2026-02-18
198,PRD00198,Chemicals - Ad Model 932,Raw Materials,Chemicals,Aarav Traders,CARTON,36776.52,53346.3,Active,2019-04-15,2023-06-27
199,PRD00199,Timber - Dolorem Model 816,Raw Materials,Timber,Acme Corp,EA,39225.7,59213.95,Active,2021-05-21,2024-03-25
200,PRD00200,Labels - Porro Model 501,Packaging,Labels,Global Supply Co,EA,31991.92,48585.72,Active,2017-08-14,2020-10-29
201,PRD00201,Safety Equipment - Assumenda Series 212,MRO,Safety Equipment,Zenith Industries,HOUR,11097.47,13512.89,Active,2025-10-25,2026-02-19
202,PRD00202,Safety Equipment - Id Type 985,MRO,Safety Equipment,Zenith Industries,EA,22368.81,31768.38,Under Review,2023-06-10,2025-03-21
203,PRD00203,Laptops - Ipsa Type 104,IT Equipment,Laptops,Global Supply Co,SET,37206.58,47972.18,Active,2019-03-11,2019-09-12
204,PRD00204,Textiles - Occaecati Model 984,Raw Materials,Textiles,Global Supply Co,HOUR,28211.91,34403.8,Discontinued,2017-11-19,2025-08-07
205,PRD00205,Facility Management - Quod Series 833,Services,Facility Management,Acme Corp,CARTON,26962.54,41935.19,Active,2024-12-23,2025-01-01
206,PRD00206,Networking - Ipsum Type 244,IT Equipment,Networking,Titan Works,KG,25828.11,40879.42,Active,2022-02-28,2024-09-15
207,PRD00207,Networking - Placeat Series 332,IT Equipment,Networking,Acme Corp,EA,40234.85,47303.13,Active,2017-06-16,2019-05-02
208,PRD00208,Software Licenses - Saepe Series 712,IT Equipment,Software Licenses,Global Supply Co,SET,41475.35,49481.41,Active,2017-09-27,2018-11-23
209,PRD00209,Tools - Placeat Series 221,MRO,Tools,Titan Works,MTR,44064.25,70229.95,Active,2022-04-30,2023-01-12
210,PRD00210,Laptops - Quidem Series 503,IT Equipment,Laptops,Vertex,MTR,28130.55,37039.16,Active,2025-01-15,2025-04-05
211,PRD00211,Bubble Wrap - Voluptates Model 802,Packaging,Bubble Wrap,Northstar,BOX,15465.83,20638.32,Discontinued,2024-07-21,2025-11-02
212,PRD00212,Facility Management - Hic Series 147,Services,Facility Management,Everest Materials,MTR,27759.03,42377.43,Active,2016-07-13,2020-04-08
213,PRD00213,Security Services - Pariatur Model 793,Services,Security Services,Zenith Industries,EA,5671.59,8935.66,Discontinued,2019-07-10,2022-05-30
214,PRD00214,Furniture - Impedit Series 284,Office Supplies,Furniture,Acme Corp,HOUR,46800.09,53079.44,Active,2016-05-24,2025-07-02
215,PRD00215,Labels - Dignissimos Model 483,Packaging,Labels,Global Supply Co,BOX,631.81,882.74,Active,2025-06-26,2025-09-14
216,PRD00216,Logistics - Ullam Model 243,Services,Logistics,Prime Vendors,KG,41182.99,61431.19,Active,2023-12-03,2025-08-06
217,PRD00217,Plastic Resin - Ab Model 810,Raw Materials,Plastic Resin,Prime Vendors,EA,22805.23,25402.72,Active,2025-03-24,2025-04-29
218,PRD00218,Textiles - Doloribus Type 857,Raw Materials,Textiles,Titan Works,CARTON,1418.0,1619.51,Active,2023-05-13,2024-09-19
219,PRD00219,Timber - Deleniti Type 408,Raw Materials,Timber,BlueOcean,KG,35505.08,45109.95,Active,2019-02-26,2022-07-22
220,PRD00220,Facility Management - Id Model 844,Services,Facility Management,Vertex,EA,24065.86,35947.43,Active,2019-04-08,2022-06-14
221,PRD00221,Labels - Ratione Model 147,Packaging,Labels,Prime Vendors,KG,29656.86,36197.65,Active,2024-12-26,2025-07-02
222,PRD00222,Software Licenses - Harum Model 848,IT Equipment,Software Licenses,Prime Vendors,EA,24314.59,32471.22,Active,2016-10-14,2018-03-19
223,PRD00223,Cartons - Pariatur Type 333,Packaging,Cartons,Vertex,LTR,38277.67,51409.96,Discontinued,2017-04-07,2023-05-16
224,PRD00224,Servers - Mollitia Series 861,IT Equipment,Servers,Vertex,PALLET,31645.75,40190.51,Active,2022-05-05,2023-07-05
225,PRD00225,Cleaning Supplies - Nobis Model 194,Office Supplies,Cleaning Supplies,Aarav Traders,LTR,37643.36,49150.21,Active,2022-06-03,2023-02-09
226,PRD00226,Furniture - Provident Series 507,Office Supplies,Furniture,Titan Works,HOUR,21706.17,30025.53,Discontinued,2016-02-21,2024-10-13
227,PRD00227,Plastic Resin - Blanditiis Model 798,Raw Materials,Plastic Resin,Global Supply Co,EA,7438.97,9075.74,Active,2019-06-12,2023-05-31
228,PRD00228,Pallets - Reiciendis Model 416,Packaging,Pallets,Prime Vendors,BOX,42711.3,67866.68,Active,2022-02-04,2024-08-21
229,PRD00229,Chemicals - Necessitatibus Model 523,Raw Materials,Chemicals,Prime Vendors,KG,38552.94,57076.12,Active,2022-10-24,2023-01-21
230,PRD00230,Servers - Modi Model 657,IT Equipment,Servers,BlueOcean,BOX,49758.79,71914.76,Active,2025-03-26,2025-12-29
231,PRD00231,Timber - Labore Model 881,Raw Materials,Timber,Global Supply Co,EA,38358.32,58707.1,Active,2018-02-09,2024-12-22
232,PRD00232,Software Licenses - Minus Model 841,IT Equipment,Software Licenses,Prime Vendors,PAIR,1762.22,2276.51,Active,2023-06-02,2025-02-05
233,PRD00233,Tools - Laboriosam Model 300,MRO,Tools,Everest Materials,PALLET,42813.11,65866.53,Active,2019-04-20,2019-11-30
234,PRD00234,Logistics - Laboriosam Series 632,Services,Logistics,Titan Works,HOUR,42495.17,57638.09,Active,2018-09-02,2022-09-30
235,PRD00235,Steel - Unde Type 870,Raw Materials,Steel,Aarav Traders,HOUR,46986.57,74049.02,Active,2018-06-10,2021-11-10
236,PRD00236,Steel - Voluptatibus Type 878,Raw Materials,Steel,Vertex,MTR,37908.01,53816.13,Active,2017-12-15,2018-11-27
237,PRD00237,Safety Equipment - Rerum Model 829,MRO,Safety Equipment,Zenith Industries,MTR,12012.11,17749.23,Active,2025-12-25,2026-05-01
238,PRD00238,Logistics - Dolor Type 310,Services,Logistics,Acme Corp,BOX,43390.35,57595.86,Active,2016-02-20,2019-07-12
239,PRD00239,Timber - Fuga Series 325,Raw Materials,Timber,Vertex,PALLET,47929.67,63411.17,Active,2022-04-01,2024-08-13
240,PRD00240,Pallets - Perferendis Model 882,Packaging,Pallets,Vertex,PALLET,32850.89,39862.49,Active,2016-01-29,2023-09-06
241,PRD00241,Networking - Rem Type 215,IT Equipment,Networking,Global Supply Co,PALLET,17092.46,25746.89,Active,2017-05-30,2021-07-13
242,PRD00242,Pallets - Cumque Type 615,Packaging,Pallets,Zenith Industries,LTR,36861.66,49464.62,Active,2018-10-13,2023-05-17
243,PRD00243,Laptops - Quisquam Series 142,IT Equipment,Laptops,Aarav Traders,SET,7797.13,9435.51,Active,2020-07-28,2025-05-12
244,PRD00244,Networking - Itaque Model 918,IT Equipment,Networking,Aarav Traders,KG,7493.12,8948.52,Active,2022-09-28,2022-12-11
245,PRD00245,Chemicals - Veritatis Model 334,Raw Materials,Chemicals,BlueOcean,EA,41196.88,52666.25,Active,2019-04-18,2025-06-25
246,PRD00246,Furniture - Hic Model 268,Office Supplies,Furniture,Zenith Industries,KG,20445.14,28012.05,Active,2024-04-30,2025-09-11
247,PRD00247,Software Licenses - Modi Type 305,IT Equipment,Software Licenses,Titan Works,PALLET,24421.57,36990.43,Active,2022-09-07,2024-07-21
248,PRD00248,Spare Parts - Nemo Series 926,MRO,Spare Parts,Acme Corp,CARTON,15553.49,19287.24,Under Review,2022-03-20,2022-04-08
249,PRD00249,Security Services - Nobis Series 462,Services,Security Services,Prime Vendors,KG,49766.72,71276.15,Active,2022-01-27,2026-01-13
250,PRD00250,Pallets - Id Series 390,Packaging,Pallets,Prime Vendors,PAIR,6387.52,9258.82,Active,2022-03-09,2024-09-20
251,PRD00251,Textiles - Minus Series 785,Raw Materials,Textiles,Aarav Traders,HOUR,11514.49,14954.61,Discontinued,2020-06-07,2022-04-18
252,PRD00252,Cleaning Supplies - Expedita Type 485,Office Supplies,Cleaning Supplies,Everest Materials,MTR,25482.54,33049.49,Discontinued,2018-05-28,2022-08-15
253,PRD00253,Timber - Harum Model 842,Raw Materials,Timber,Titan Works,EA,26046.1,41145.2,Active,2022-08-21,2023-06-24
254,PRD00254,Steel - Rem Model 574,Raw Materials,Steel,Northstar,CARTON,43872.6,57301.09,Active,2022-02-04,2025-09-22
255,PRD00255,Spare Parts - Ipsum Type 642,MRO,Spare Parts,Acme Corp,CARTON,8931.39,10623.99,Active,2024-07-01,2025-12-19
256,PRD00256,Stationery - Magnam Type 754,Office Supplies,Stationery,BlueOcean,BOX,15481.27,23070.7,Active,2025-10-15,2025-11-28
257,PRD00257,Servers - Accusantium Model 586,IT Equipment,Servers,Global Supply Co,CARTON,29431.18,44390.4,Active,2019-06-08,2025-09-04
258,PRD00258,Facility Management - Laborum Model 649,Services,Facility Management,BlueOcean,HOUR,18571.22,25533.46,Active,2017-07-05,2025-02-17
259,PRD00259,Tools - Minima Series 448,MRO,Tools,Acme Corp,LTR,30712.05,36275.52,Active,2017-05-23,2019-11-01
260,PRD00260,Security Services - Nisi Type 569,Services,Security Services,Everest Materials,PAIR,42082.55,66369.98,Active,2022-07-11,2025-05-19
261,PRD00261,Networking - Quibusdam Model 932,IT Equipment,Networking,Titan Works,MTR,45249.85,56380.45,Active,2023-08-27,2025-03-11
262,PRD00262,Servers - Ipsum Model 652,IT Equipment,Servers,Zenith Industries,CARTON,31141.3,43467.51,Active,2021-10-08,2024-05-05
263,PRD00263,Logistics - Nobis Model 364,Services,Logistics,Everest Materials,MTR,17049.66,23001.53,Active,2016-06-27,2023-01-17
264,PRD00264,Labels - Assumenda Model 479,Packaging,Labels,Aarav Traders,LTR,34834.77,40036.8,Active,2017-05-25,2022-11-28
265,PRD00265,Stationery - Illo Type 403,Office Supplies,Stationery,Aarav Traders,PAIR,20627.84,32955.61,Active,2024-05-12,2025-03-16
266,PRD00266,Tools - Mollitia Series 196,MRO,Tools,BlueOcean,PAIR,1206.08,1697.5,Active,2018-08-29,2023-01-06
267,PRD00267,Steel - Voluptatum Series 426,Raw Materials,Steel,Prime Vendors,KG,6838.21,9606.5,Active,2020-05-09,2020-09-14
268,PRD00268,Consulting - Hic Series 205,Services,Consulting,Prime Vendors,SET,43568.88,68094.62,Active,2024-05-12,2025-10-31
269,PRD00269,Pallets - Reprehenderit Type 416,Packaging,Pallets,Everest Materials,CARTON,22232.84,25363.8,Active,2020-02-29,2022-03-06
270,PRD00270,Servers - Facilis Series 641,IT Equipment,Servers,Zenith Industries,SET,32204.19,36770.96,Discontinued,2020-09-09,2021-11-03
271,PRD00271,Cartons - Praesentium Series 994,Packaging,Cartons,Zenith Industries,EA,9385.86,10907.72,Active,2017-01-04,2018-01-03
272,PRD00272,Software Licenses - Asperiores Type 329,IT Equipment,Software Licenses,Northstar,MTR,22259.93,28569.68,Active,2025-06-09,2025-08-02
273,PRD00273,Spare Parts - Vero Model 756,MRO,Spare Parts,Aarav Traders,BOX,20631.43,24304.48,Active,2016-04-17,2021-07-10
274,PRD00274,Textiles - Impedit Series 904,Raw Materials,Textiles,BlueOcean,EA,39308.12,48706.56,Active,2020-11-02,2024-11-11
275,PRD00275,Tools - Eos Model 323,MRO,Tools,Prime Vendors,PALLET,21268.55,25110.49,Active,2019-10-13,2021-02-01
276,PRD00276,Networking - Sint Series 282,IT Equipment,Networking,Vertex,MTR,47519.61,65222.71,Active,2018-11-11,2020-04-27
277,PRD00277,Cleaning Supplies - Impedit Model 136,Office Supplies,Cleaning Supplies,Vertex,LTR,24474.56,32382.78,Active,2020-01-25,2025-05-23
278,PRD00278,Textiles - Aliquam Series 802,Raw Materials,Textiles,Aarav Traders,PALLET,17986.39,28301.93,Active,2023-10-07,2025-08-05
279,PRD00279,Safety Equipment - Nihil Series 472,MRO,Safety Equipment,BlueOcean,EA,24531.11,33806.05,Active,2016-04-23,2021-01-04
280,PRD00280,Facility Management - Vel Series 753,Services,Facility Management,Everest Materials,PALLET,24844.57,29161.54,Active,2017-12-25,2021-12-08
281,PRD00281,Labels - Dolorem Model 120,Packaging,Labels,Acme Corp,KG,35496.6,55071.27,Active,2023-05-13,2024-08-03
282,PRD00282,Stationery - Fugit Model 723,Office Supplies,Stationery,Titan Works,CARTON,36648.74,52017.68,Active,2025-07-10,2026-03-07
283,PRD00283,Security Services - Eum Series 835,Services,Security Services,Northstar,PALLET,15349.42,20751.85,Under Review,2024-06-27,2025-05-19
284,PRD00284,Consulting - Explicabo Series 868,Services,Consulting,Everest Materials,PAIR,16644.47,19798.41,Active,2025-11-06,2026-04-18
285,PRD00285,Pallets - Consectetur Series 912,Packaging,Pallets,Everest Materials,MTR,39282.79,59946.57,Active,2025-02-16,2026-02-04
286,PRD00286,Chemicals - Quibusdam Series 744,Raw Materials,Chemicals,Aarav Traders,CARTON,47653.23,54780.13,Active,2022-05-25,2023-02-11
287,PRD00287,Peripherals - Tenetur Type 532,IT Equipment,Peripherals,Global Supply Co,KG,31647.54,47309.07,Active,2020-01-12,2022-09-17
288,PRD00288,Lubricants - Ipsum Model 554,MRO,Lubricants,Aarav Traders,PAIR,19597.0,27008.98,Under Review,2025-07-10,2025-10-15
289,PRD00289,Steel - Reiciendis Type 733,Raw Materials,Steel,Global Supply Co,BOX,27251.02,37855.37,Discontinued,2025-09-20,2026-06-23
290,PRD00290,Plastic Resin - Ipsam Series 241,Raw Materials,Plastic Resin,Aarav Traders,MTR,21695.34,24924.55,Under Review,2018-07-23,2022-05-05
291,PRD00291,Printer Consumables - Facere Model 759,Office Supplies,Printer Consumables,BlueOcean,PALLET,22725.06,25293.31,Active,2021-02-12,2026-01-13
292,PRD00292,Laptops - Deleniti Model 926,IT Equipment,Laptops,Aarav Traders,CARTON,23503.16,26405.25,Active,2019-04-10,2019-10-08
293,PRD00293,Labels - Quia Type 501,Packaging,Labels,Aarav Traders,LTR,12980.75,14507.82,Active,2024-05-02,2025-11-29
294,PRD00294,Bubble Wrap - Maiores Series 581,Packaging,Bubble Wrap,Acme Corp,MTR,19823.13,27810.21,Active,2022-12-25,2026-04-26
295,PRD00295,Peripherals - Eaque Model 198,IT Equipment,Peripherals,Aarav Traders,KG,37420.33,45027.14,Active,2018-09-06,2020-05-05
296,PRD00296,Furniture - Eveniet Series 750,Office Supplies,Furniture,Everest Materials,CARTON,35983.25,47814.61,Active,2022-07-29,2024-04-18
297,PRD00297,Facility Management - Temporibus Series 685,Services,Facility Management,Northstar,PALLET,3040.75,4078.05,Active,2024-03-09,2025-01-11
298,PRD00298,Facility Management - In Type 844,Services,Facility Management,Northstar,LTR,13728.54,17252.36,Active,2016-03-29,2019-09-14
299,PRD00299,Tools - Eius Model 737,MRO,Tools,Prime Vendors,BOX,45599.68,67772.73,Active,2018-08-20,2018-10-12
300,PRD00300,Software Licenses - Minima Model 313,IT Equipment,Software Licenses,Everest Materials,BOX,7843.17,10845.14,Active,2025-03-11,2025-09-02
301,PRD00301,Stationery - Debitis Type 743,Office Supplies,Stationery,Aarav Traders,CARTON,8208.51,11842.8,Active,2020-02-15,2020-03-27
302,PRD00302,Textiles - Nihil Series 339,Raw Materials,Textiles,Acme Corp,PALLET,26497.43,29198.57,Active,2016-08-08,2021-01-01
303,PRD00303,Safety Equipment - Inventore Series 870,MRO,Safety Equipment,Global Supply Co,SET,47445.76,71300.28,Active,2020-11-23,2021-08-25
304,PRD00304,Cleaning Supplies - Exercitationem Model 906,Office Supplies,Cleaning Supplies,Aarav Traders,KG,43003.36,51535.23,Active,2025-11-29,2026-06-04
305,PRD00305,Spare Parts - Ducimus Model 371,MRO,Spare Parts,Titan Works,BOX,36372.92,40804.03,Active,2022-07-05,2025-05-23
306,PRD00306,Logistics - Voluptatibus Type 342,Services,Logistics,Zenith Industries,HOUR,25531.17,32768.15,Under Review,2021-10-08,2022-07-12
307,PRD00307,Facility Management - Nam Type 661,Services,Facility Management,Aarav Traders,LTR,19495.69,29759.48,Active,2017-07-02,2017-08-08
308,PRD00308,Spare Parts - Quam Series 215,MRO,Spare Parts,Aarav Traders,MTR,19477.35,29820.95,Active,2019-05-22,2019-09-13
309,PRD00309,Furniture - Eveniet Model 740,Office Supplies,Furniture,Prime Vendors,PAIR,25587.55,37586.41,Active,2022-01-06,2025-01-20
310,PRD00310,Plastic Resin - Repellendus Type 157,Raw Materials,Plastic Resin,Acme Corp,CARTON,39143.44,57671.33,Active,2016-04-12,2024-03-17
311,PRD00311,Steel - Laborum Model 783,Raw Materials,Steel,Northstar,EA,49358.51,57428.22,Active,2025-09-14,2025-10-31
312,PRD00312,Facility Management - Numquam Model 434,Services,Facility Management,Vertex,CARTON,1033.58,1563.94,Active,2019-03-07,2024-06-03
313,PRD00313,Plastic Resin - Asperiores Type 397,Raw Materials,Plastic Resin,Northstar,EA,37010.68,42304.51,Discontinued,2022-08-01,2025-03-10
314,PRD00314,Stationery - Voluptatem Type 436,Office Supplies,Stationery,BlueOcean,CARTON,4507.96,6134.05,Active,2022-01-28,2022-03-31
315,PRD00315,Chemicals - Consequuntur Model 290,Raw Materials,Chemicals,Global Supply Co,HOUR,6991.07,9463.33,Active,2018-01-15,2019-03-17
316,PRD00316,Safety Equipment - Corporis Model 606,MRO,Safety Equipment,Everest Materials,CARTON,37129.9,58503.98,Active,2020-04-06,2023-07-13
317,PRD00317,Logistics - Sint Type 804,Services,Logistics,Global Supply Co,BOX,33425.15,47058.03,Under Review,2017-09-10,2025-11-26
318,PRD00318,Plastic Resin - Harum Model 761,Raw Materials,Plastic Resin,Aarav Traders,LTR,44561.83,67602.36,Active,2025-11-15,2026-06-18
319,PRD00319,Security Services - Sed Type 918,Services,Security Services,Everest Materials,EA,29655.79,42693.11,Active,2020-11-13,2023-01-17
320,PRD00320,Spare Parts - Nam Model 559,MRO,Spare Parts,Zenith Industries,BOX,23349.95,36963.5,Active,2025-10-05,2026-05-11
321,PRD00321,Networking - Aspernatur Model 703,IT Equipment,Networking,Vertex,LTR,15918.65,18709.69,Active,2018-02-02,2024-10-19
322,PRD00322,Chemicals - Quasi Series 508,Raw Materials,Chemicals,Everest Materials,BOX,49817.08,76204.59,Active,2023-01-09,2025-11-09
323,PRD00323,Networking - Et Series 570,IT Equipment,Networking,Global Supply Co,SET,18709.49,28855.33,Active,2022-12-05,2025-12-05
324,PRD00324,Cartons - Molestias Series 453,Packaging,Cartons,Northstar,PALLET,46714.55,61957.63,Active,2022-09-12,2023-06-22
325,PRD00325,Spare Parts - Rerum Model 166,MRO,Spare Parts,Zenith Industries,HOUR,15559.39,22466.74,Active,2021-07-20,2023-06-05
326,PRD00326,Safety Equipment - Occaecati Model 354,MRO,Safety Equipment,Global Supply Co,HOUR,36959.47,52300.12,Active,2016-03-14,2019-02-06
327,PRD00327,Software Licenses - Repellat Type 866,IT Equipment,Software Licenses,Everest Materials,MTR,30696.48,42963.15,Active,2019-11-25,2025-09-12
328,PRD00328,Chemicals - Id Type 883,Raw Materials,Chemicals,Vertex,LTR,46544.98,61700.48,Active,2018-06-26,2020-10-01
329,PRD00329,Timber - Repudiandae Model 716,Raw Materials,Timber,Acme Corp,MTR,29666.78,34130.8,Active,2020-10-12,2021-05-12
330,PRD00330,Chemicals - Veniam Model 959,Raw Materials,Chemicals,Titan Works,PALLET,27405.74,34434.04,Active,2025-09-07,2025-09-11
331,PRD00331,Cartons - Eos Type 873,Packaging,Cartons,Titan Works,EA,42491.75,56727.36,Active,2024-07-20,2026-03-12
332,PRD00332,Facility Management - Consequuntur Type 990,Services,Facility Management,Northstar,PAIR,13075.38,17668.3,Active,2024-03-19,2026-03-21
333,PRD00333,Spare Parts - Omnis Series 177,MRO,Spare Parts,BlueOcean,LTR,48484.43,56269.5,Discontinued,2025-06-04,2026-03-22
334,PRD00334,Steel - Nostrum Type 365,Raw Materials,Steel,Vertex,LTR,26433.67,35372.36,Active,2016-10-01,2017-10-21
335,PRD00335,Consulting - Minima Series 623,Services,Consulting,BlueOcean,PALLET,14201.82,19458.59,Active,2016-04-10,2024-04-28
336,PRD00336,Security Services - Aliquid Model 440,Services,Security Services,BlueOcean,HOUR,21787.27,29129.15,Active,2016-06-02,2023-06-11
337,PRD00337,Printer Consumables - Labore Type 920,Office Supplies,Printer Consumables,Aarav Traders,PAIR,42486.01,48481.17,Active,2025-05-13,2025-07-05
338,PRD00338,Spare Parts - Nulla Series 642,MRO,Spare Parts,Northstar,SET,29436.8,34693.77,Active,2020-02-02,2024-02-15
339,PRD00339,Timber - Expedita Type 298,Raw Materials,Timber,Titan Works,PALLET,10527.31,15312.15,Active,2016-06-19,2016-10-08
340,PRD00340,Textiles - Iusto Model 180,Raw Materials,Textiles,Northstar,PALLET,30552.33,43426.13,Active,2017-05-27,2021-11-09
341,PRD00341,Security Services - Asperiores Type 297,Services,Security Services,Acme Corp,BOX,39551.47,45691.67,Active,2016-03-22,2020-07-06
342,PRD00342,Logistics - Eveniet Type 922,Services,Logistics,Titan Works,LTR,31941.72,43643.41,Active,2019-05-31,2025-08-29
343,PRD00343,Timber - Porro Type 957,Raw Materials,Timber,Aarav Traders,SET,38781.12,52811.54,Discontinued,2019-01-20,2024-08-12
344,PRD00344,Bubble Wrap - Quasi Series 299,Packaging,Bubble Wrap,Aarav Traders,PAIR,19590.47,27979.84,Active,2017-12-01,2024-05-02
345,PRD00345,Lubricants - Illo Type 627,MRO,Lubricants,Acme Corp,PAIR,40764.96,62921.1,Discontinued,2019-05-28,2022-02-13
346,PRD00346,Servers - Aliquid Model 855,IT Equipment,Servers,Prime Vendors,SET,6931.68,8665.22,Active,2025-08-25,2026-03-15
347,PRD00347,Cartons - Non Series 919,Packaging,Cartons,Zenith Industries,CARTON,9901.95,13148.89,Active,2016-11-20,2023-05-07
348,PRD00348,Textiles - Impedit Type 368,Raw Materials,Textiles,BlueOcean,SET,15608.78,18925.57,Active,2019-10-03,2024-05-11
349,PRD00349,Plastic Resin - Alias Type 891,Raw Materials,Plastic Resin,Northstar,SET,3581.92,4594.38,Active,2021-03-23,2022-09-02
350,PRD00350,Printer Consumables - Delectus Model 613,Office Supplies,Printer Consumables,Global Supply Co,KG,34117.54,46649.19,Active,2019-05-08,2020-07-06
351,PRD00351,Spare Parts - Nemo Series 489,MRO,Spare Parts,Acme Corp,CARTON,15104.6,19163.73,Active,2025-08-01,2025-12-18
352,PRD00352,Safety Equipment - Eos Type 652,MRO,Safety Equipment,BlueOcean,LTR,41109.92,64746.97,Under Review,2024-07-08,2024-09-28
353,PRD00353,Steel - Optio Type 698,Raw Materials,Steel,Global Supply Co,PAIR,26131.77,31188.9,Active,2016-07-04,2022-03-28
354,PRD00354,Spare Parts - Quisquam Series 273,MRO,Spare Parts,Prime Vendors,MTR,45459.33,55354.97,Active,2024-05-03,2026-02-03
355,PRD00355,Timber - Expedita Type 129,Raw Materials,Timber,Zenith Industries,CARTON,21949.54,26962.14,Active,2018-05-04,2024-06-16
356,PRD00356,Chemicals - Perspiciatis Type 167,Raw Materials,Chemicals,Acme Corp,SET,37692.02,46416.87,Active,2020-10-08,2025-05-05
357,PRD00357,Safety Equipment - Accusamus Series 467,MRO,Safety Equipment,Everest Materials,EA,46215.58,69184.85,Active,2019-08-23,2023-06-26
358,PRD00358,Peripherals - In Series 625,IT Equipment,Peripherals,Northstar,SET,16867.41,19032.88,Active,2025-03-31,2026-05-16
359,PRD00359,Steel - Culpa Type 507,Raw Materials,Steel,BlueOcean,CARTON,41957.11,50463.46,Active,2016-03-18,2017-07-22
360,PRD00360,Facility Management - Autem Model 152,Services,Facility Management,Vertex,EA,21533.81,25874.21,Active,2016-10-15,2026-03-04
361,PRD00361,Tools - Odit Series 557,MRO,Tools,Northstar,BOX,27783.57,36827.04,Active,2024-10-04,2025-10-04
362,PRD00362,Security Services - Reprehenderit Model 120,Services,Security Services,Zenith Industries,PALLET,4456.47,6324.62,Active,2024-06-27,2024-10-13
363,PRD00363,Cartons - Ducimus Model 142,Packaging,Cartons,Global Supply Co,HOUR,24331.42,37204.85,Discontinued,2016-09-02,2022-01-01
364,PRD00364,Printer Consumables - Itaque Type 718,Office Supplies,Printer Consumables,BlueOcean,PAIR,9567.67,10797.45,Active,2017-06-04,2020-06-22
365,PRD00365,Chemicals - Eaque Series 895,Raw Materials,Chemicals,Aarav Traders,HOUR,49574.58,78481.26,Active,2017-10-09,2018-10-25
366,PRD00366,Lubricants - Dolores Type 601,MRO,Lubricants,Northstar,PALLET,9205.53,11479.87,Discontinued,2019-07-04,2020-06-18
367,PRD00367,Servers - Commodi Type 689,IT Equipment,Servers,Acme Corp,PAIR,47600.64,63895.27,Active,2025-07-07,2026-04-02
368,PRD00368,Software Licenses - Distinctio Model 722,IT Equipment,Software Licenses,Aarav Traders,HOUR,45686.82,57561.25,Active,2024-12-06,2026-03-03
369,PRD00369,Chemicals - Natus Type 178,Raw Materials,Chemicals,BlueOcean,KG,3657.74,4522.13,Discontinued,2021-07-03,2025-07-16
370,PRD00370,Plastic Resin - Eligendi Series 100,Raw Materials,Plastic Resin,Global Supply Co,KG,45180.14,58133.85,Active,2023-03-23,2023-10-28
371,PRD00371,Printer Consumables - Temporibus Model 387,Office Supplies,Printer Consumables,Aarav Traders,BOX,17835.47,22979.71,Active,2017-09-05,2020-12-27
372,PRD00372,Cartons - Libero Model 871,Packaging,Cartons,Northstar,PALLET,40569.93,64707.31,Active,2018-06-28,2025-03-04
373,PRD00373,Security Services - Libero Series 385,Services,Security Services,Titan Works,PALLET,13921.29,22159.1,Active,2017-10-01,2025-01-14
374,PRD00374,Lubricants - Nihil Series 604,MRO,Lubricants,Everest Materials,LTR,47258.92,73588.63,Discontinued,2020-11-22,2024-04-23
375,PRD00375,Networking - Necessitatibus Model 178,IT Equipment,Networking,Titan Works,KG,26153.2,40936.8,Active,2020-05-24,2024-12-13
376,PRD00376,Chemicals - Perferendis Model 762,Raw Materials,Chemicals,Aarav Traders,SET,42699.24,49035.7,Active,2022-03-13,2022-12-11
377,PRD00377,Networking - Facere Series 947,IT Equipment,Networking,Global Supply Co,CARTON,34259.67,39285.02,Active,2022-10-28,2026-06-15
378,PRD00378,Safety Equipment - Harum Series 939,MRO,Safety Equipment,Prime Vendors,MTR,7532.39,10568.99,Active,2022-08-01,2023-06-07
379,PRD00379,Stationery - Ad Model 912,Office Supplies,Stationery,Aarav Traders,SET,6746.28,7569.08,Active,2020-07-19,2025-06-20
380,PRD00380,Networking - Dignissimos Type 765,IT Equipment,Networking,BlueOcean,HOUR,4712.16,5267.15,Active,2020-11-04,2021-04-22
381,PRD00381,Consulting - Placeat Series 210,Services,Consulting,Global Supply Co,LTR,14922.07,22432.71,Active,2016-10-22,2019-03-13
382,PRD00382,Cleaning Supplies - Praesentium Series 154,Office Supplies,Cleaning Supplies,Titan Works,MTR,12113.71,13842.8,Active,2023-12-23,2025-12-29
383,PRD00383,Consulting - Repellendus Model 135,Services,Consulting,Prime Vendors,MTR,44019.97,56242.89,Active,2016-07-28,2024-09-18
384,PRD00384,Security Services - Adipisci Type 700,Services,Security Services,Acme Corp,BOX,49108.3,61190.03,Active,2025-05-30,2026-03-22
385,PRD00385,Chemicals - Eius Type 383,Raw Materials,Chemicals,Northstar,EA,33902.21,40874.63,Active,2024-02-13,2024-07-31
386,PRD00386,Security Services - Aliquam Model 275,Services,Security Services,Northstar,SET,38382.23,60784.08,Active,2017-01-01,2022-04-21
387,PRD00387,Logistics - Accusamus Series 753,Services,Logistics,Zenith Industries,MTR,3999.62,5594.41,Under Review,2025-12-29,2025-12-29
388,PRD00388,Facility Management - Consequatur Model 966,Services,Facility Management,Northstar,SET,47075.27,53281.56,Discontinued,2021-04-21,2024-10-23
389,PRD00389,Servers - Debitis Series 324,IT Equipment,Servers,Vertex,KG,48174.68,55492.62,Active,2021-02-19,2023-05-27
390,PRD00390,Labels - At Series 413,Packaging,Labels,Zenith Industries,SET,9002.21,13785.55,Active,2025-12-20,2026-06-18
391,PRD00391,Security Services - Illum Series 802,Services,Security Services,Acme Corp,LTR,27566.61,40275.5,Discontinued,2025-03-26,2025-07-30
392,PRD00392,Servers - Illo Model 956,IT Equipment,Servers,Prime Vendors,BOX,8435.42,11475.94,Active,2019-09-27,2024-07-24
393,PRD00393,Facility Management - Repellat Series 698,Services,Facility Management,Northstar,PALLET,19231.6,29217.28,Active,2025-11-28,2026-06-25
394,PRD00394,Servers - Dolorum Type 726,IT Equipment,Servers,Titan Works,EA,24042.53,36149.1,Active,2017-05-04,2018-01-10
395,PRD00395,Safety Equipment - Consectetur Type 224,MRO,Safety Equipment,Zenith Industries,PALLET,7547.8,10551.79,Active,2016-08-13,2018-12-18
396,PRD00396,Peripherals - Commodi Model 898,IT Equipment,Peripherals,Prime Vendors,KG,16453.63,19121.24,Active,2016-11-10,2020-11-04
397,PRD00397,Cleaning Supplies - Incidunt Series 562,Office Supplies,Cleaning Supplies,Aarav Traders,BOX,48652.88,74888.13,Active,2021-03-06,2021-11-20
398,PRD00398,Networking - Id Type 495,IT Equipment,Networking,Vertex,KG,6075.36,6833.04,Active,2025-06-21,2025-11-22
399,PRD00399,Logistics - Esse Model 570,Services,Logistics,Northstar,PALLET,20278.73,30584.62,Active,2025-12-15,2026-06-01
400,PRD00400,Logistics - Quibusdam Type 371,Services,Logistics,Titan Works,MTR,34597.49,55180.86,Active,2016-04-03,2019-04-28
401,PRD00401,Timber - Ad Series 423,Raw Materials,Timber,Prime Vendors,SET,11560.89,16094.94,Active,2023-01-06,2026-05-12
402,PRD00402,Consulting - Suscipit Series 825,Services,Consulting,Acme Corp,MTR,38172.72,53693.66,Discontinued,2016-01-09,2022-01-04
403,PRD00403,Laptops - Nisi Series 641,IT Equipment,Laptops,Aarav Traders,PAIR,26687.1,30733.44,Active,2017-06-02,2025-03-11
404,PRD00404,Cartons - Molestiae Type 494,Packaging,Cartons,Prime Vendors,HOUR,22800.95,34001.83,Active,2019-11-02,2023-04-29
405,PRD00405,Cartons - Facilis Type 139,Packaging,Cartons,Acme Corp,EA,42029.97,66759.65,Active,2018-03-04,2020-11-06
406,PRD00406,Software Licenses - Amet Type 869,IT Equipment,Software Licenses,Vertex,LTR,31541.31,42816.38,Active,2025-07-07,2026-06-07
407,PRD00407,Facility Management - Cupiditate Type 846,Services,Facility Management,Titan Works,MTR,40737.75,46494.03,Active,2016-06-23,2022-04-09
408,PRD00408,Logistics - Ad Model 808,Services,Logistics,BlueOcean,PAIR,32540.12,38330.06,Active,2024-11-07,2025-12-05
409,PRD00409,Networking - Labore Type 700,IT Equipment,Networking,Zenith Industries,PAIR,32954.14,50598.58,Active,2020-10-14,2024-09-21
410,PRD00410,Pallets - Quibusdam Model 179,Packaging,Pallets,Prime Vendors,MTR,9138.66,11017.86,Discontinued,2017-01-15,2019-06-03
411,PRD00411,Cleaning Supplies - Numquam Series 408,Office Supplies,Cleaning Supplies,Aarav Traders,SET,34204.07,41392.59,Active,2020-01-16,2022-12-11
412,PRD00412,Software Licenses - Voluptate Series 372,IT Equipment,Software Licenses,Global Supply Co,CARTON,18662.95,24722.71,Active,2021-11-17,2022-03-25
413,PRD00413,Networking - Ducimus Type 270,IT Equipment,Networking,Vertex,SET,12419.81,18767.24,Active,2020-05-21,2021-11-04
414,PRD00414,Networking - Excepturi Model 720,IT Equipment,Networking,Aarav Traders,HOUR,31524.84,41982.2,Active,2021-09-09,2026-06-11
415,PRD00415,Lubricants - Ea Model 548,MRO,Lubricants,Northstar,SET,42576.17,52979.33,Active,2025-01-30,2025-03-20
416,PRD00416,Tools - Voluptas Model 872,MRO,Tools,Everest Materials,PALLET,29178.33,37281.28,Active,2017-09-26,2023-06-08
417,PRD00417,Textiles - Placeat Type 821,Raw Materials,Textiles,Global Supply Co,SET,48755.81,76108.12,Active,2017-01-19,2017-04-25
418,PRD00418,Laptops - Aperiam Model 988,IT Equipment,Laptops,Everest Materials,CARTON,21365.01,32099.59,Active,2019-05-25,2024-03-18
419,PRD00419,Facility Management - Maiores Series 549,Services,Facility Management,Vertex,CARTON,910.88,1025.93,Active,2020-03-07,2023-01-06
420,PRD00420,Safety Equipment - Sequi Series 449,MRO,Safety Equipment,Titan Works,PAIR,7419.79,11388.24,Active,2019-09-02,2023-04-16
421,PRD00421,Consulting - Illum Series 540,Services,Consulting,Global Supply Co,KG,44452.54,67266.01,Active,2019-01-09,2023-03-03
422,PRD00422,Peripherals - Officia Series 958,IT Equipment,Peripherals,Titan Works,KG,18391.12,23297.24,Active,2016-09-18,2020-11-21
423,PRD00423,Peripherals - Culpa Series 929,IT Equipment,Peripherals,Vertex,PALLET,44780.61,60904.38,Under Review,2020-10-17,2024-02-12
424,PRD00424,Spare Parts - Debitis Model 354,MRO,Spare Parts,BlueOcean,BOX,34008.63,52595.16,Active,2025-03-31,2025-08-10
425,PRD00425,Textiles - Et Model 625,Raw Materials,Textiles,Titan Works,CARTON,9972.24,14478.91,Active,2019-11-12,2020-05-27
426,PRD00426,Timber - Numquam Series 707,Raw Materials,Timber,Aarav Traders,HOUR,35245.7,47499.03,Active,2024-06-03,2026-04-28
427,PRD00427,Cartons - Enim Type 204,Packaging,Cartons,Northstar,SET,5468.65,8413.19,Active,2023-10-29,2024-02-29
428,PRD00428,Security Services - Tempora Type 907,Services,Security Services,Aarav Traders,HOUR,49376.85,67688.38,Active,2017-06-12,2018-03-09
429,PRD00429,Servers - Delectus Model 513,IT Equipment,Servers,Titan Works,CARTON,29367.48,42413.28,Active,2024-07-06,2025-03-12
430,PRD00430,Labels - Dignissimos Model 841,Packaging,Labels,Prime Vendors,EA,21317.91,26964.02,Active,2017-07-19,2023-12-09
431,PRD00431,Peripherals - Facere Model 929,IT Equipment,Peripherals,Everest Materials,LTR,36062.18,50074.74,Active,2020-07-16,2020-12-16
432,PRD00432,Timber - Eius Series 723,Raw Materials,Timber,Prime Vendors,EA,12350.02,14807.9,Active,2024-10-19,2026-05-18
433,PRD00433,Pallets - Earum Series 617,Packaging,Pallets,Northstar,CARTON,41209.0,62220.23,Active,2023-06-24,2026-04-26
434,PRD00434,Consulting - Magni Type 953,Services,Consulting,Acme Corp,MTR,36719.67,50212.04,Active,2021-02-15,2022-01-20
435,PRD00435,Safety Equipment - Odio Model 351,MRO,Safety Equipment,Prime Vendors,MTR,28834.33,41476.38,Active,2019-04-19,2022-04-18
436,PRD00436,Peripherals - Voluptatum Model 186,IT Equipment,Peripherals,Acme Corp,CARTON,17545.66,24389.84,Discontinued,2020-10-25,2026-04-22
437,PRD00437,Chemicals - Officiis Series 887,Raw Materials,Chemicals,Prime Vendors,EA,169.25,202.26,Discontinued,2019-06-02,2026-05-07
438,PRD00438,Logistics - Sed Type 789,Services,Logistics,Aarav Traders,SET,20639.03,27376.08,Active,2024-12-20,2025-12-30
439,PRD00439,Safety Equipment - Nostrum Model 798,MRO,Safety Equipment,Acme Corp,BOX,30065.45,41817.84,Active,2023-03-29,2023-04-05
440,PRD00440,Cartons - Cum Type 684,Packaging,Cartons,Titan Works,HOUR,1915.26,2232.02,Active,2024-12-03,2026-02-02
441,PRD00441,Timber - Voluptates Type 483,Raw Materials,Timber,Aarav Traders,HOUR,12208.03,13833.52,Active,2016-03-10,2021-12-29
442,PRD00442,Steel - Vitae Type 769,Raw Materials,Steel,Acme Corp,SET,41301.0,58023.28,Discontinued,2018-11-15,2020-02-21
443,PRD00443,Safety Equipment - Sit Series 283,MRO,Safety Equipment,Aarav Traders,LTR,48506.3,72749.15,Active,2024-03-20,2025-06-03
444,PRD00444,Cleaning Supplies - Tempore Model 236,Office Supplies,Cleaning Supplies,Titan Works,MTR,45808.74,52692.61,Active,2019-04-23,2024-12-20
445,PRD00445,Labels - Incidunt Type 549,Packaging,Labels,Acme Corp,PAIR,3611.46,4029.51,Active,2020-03-31,2025-08-07
446,PRD00446,Textiles - Dignissimos Type 362,Raw Materials,Textiles,Global Supply Co,EA,8096.31,9192.67,Discontinued,2021-02-27,2023-04-20
447,PRD00447,Cleaning Supplies - Quasi Model 339,Office Supplies,Cleaning Supplies,Aarav Traders,HOUR,24106.49,33023.72,Discontinued,2024-04-28,2025-11-19
448,PRD00448,Cartons - Facilis Model 460,Packaging,Cartons,Everest Materials,HOUR,10200.26,12511.58,Active,2018-08-04,2024-08-16
449,PRD00449,Software Licenses - Iusto Model 605,IT Equipment,Software Licenses,BlueOcean,MTR,44760.69,56676.87,Active,2016-12-19,2017-11-18
450,PRD00450,Lubricants - Perferendis Type 436,MRO,Lubricants,Global Supply Co,PALLET,39609.68,56704.74,Active,2023-12-20,2025-07-25
451,PRD00451,Furniture - Recusandae Model 328,Office Supplies,Furniture,BlueOcean,SET,34473.88,39479.05,Active,2016-04-10,2021-09-01
452,PRD00452,Laptops - Repellendus Model 713,IT Equipment,Laptops,Everest Materials,LTR,14171.26,16413.02,Active,2025-10-14,2026-06-27
453,PRD00453,Facility Management - Eligendi Series 659,Services,Facility Management,Everest Materials,CARTON,36801.99,44252.93,Active,2017-08-06,2022-04-18
454,PRD00454,Labels - Harum Model 308,Packaging,Labels,Everest Materials,EA,1512.97,2031.16,Discontinued,2016-04-16,2025-12-18
455,PRD00455,Pallets - In Model 259,Packaging,Pallets,BlueOcean,PALLET,42127.31,55140.32,Active,2024-10-05,2026-03-05
456,PRD00456,Cleaning Supplies - Pariatur Type 269,Office Supplies,Cleaning Supplies,Acme Corp,BOX,25766.62,30590.33,Active,2017-02-04,2018-12-16
457,PRD00457,Peripherals - Inventore Series 383,IT Equipment,Peripherals,Northstar,MTR,16767.86,24065.72,Active,2016-08-17,2024-05-25
458,PRD00458,Servers - Assumenda Series 704,IT Equipment,Servers,Global Supply Co,MTR,30050.64,39523.3,Discontinued,2022-11-17,2024-08-12
459,PRD00459,Spare Parts - Sint Model 988,MRO,Spare Parts,Everest Materials,SET,32616.51,50853.42,Active,2024-10-25,2025-09-13
460,PRD00460,Plastic Resin - Iure Model 678,Raw Materials,Plastic Resin,Northstar,LTR,4414.98,6695.26,Active,2016-09-04,2020-02-17
461,PRD00461,Pallets - Voluptatum Type 860,Packaging,Pallets,BlueOcean,EA,13794.03,21585.57,Discontinued,2024-10-30,2026-05-28
462,PRD00462,Chemicals - Reprehenderit Series 834,Raw Materials,Chemicals,Prime Vendors,BOX,27294.62,35765.08,Active,2017-11-06,2024-11-02
463,PRD00463,Safety Equipment - Nemo Series 829,MRO,Safety Equipment,Northstar,KG,22981.76,33862.95,Active,2025-04-22,2026-03-05
464,PRD00464,Logistics - Nam Type 377,Services,Logistics,Vertex,EA,33632.51,42537.42,Active,2023-10-30,2025-03-03
465,PRD00465,Cartons - Molestias Type 175,Packaging,Cartons,Aarav Traders,LTR,30069.36,35142.23,Under Review,2025-11-22,2025-12-02
466,PRD00466,Pallets - Ab Model 596,Packaging,Pallets,Aarav Traders,BOX,16453.01,23176.69,Active,2024-08-20,2024-10-28
467,PRD00467,Laptops - Doloribus Model 264,IT Equipment,Laptops,Zenith Industries,EA,41855.93,49058.75,Active,2019-06-20,2021-07-07
468,PRD00468,Facility Management - Ex Series 732,Services,Facility Management,Prime Vendors,PALLET,29163.11,43524.3,Active,2017-09-24,2023-10-26
469,PRD00469,Pallets - Quasi Model 253,Packaging,Pallets,Prime Vendors,PALLET,36365.41,55448.62,Active,2019-10-04,2020-05-20
470,PRD00470,Cartons - Sunt Type 923,Packaging,Cartons,Vertex,MTR,12023.57,14258.24,Active,2019-10-28,2025-12-10
471,PRD00471,Printer Consumables - Fuga Series 504,Office Supplies,Printer Consumables,Vertex,KG,33843.09,40762.99,Active,2023-08-03,2024-12-22
472,PRD00472,Textiles - Eum Series 237,Raw Materials,Textiles,Northstar,LTR,1865.57,2723.6,Active,2020-10-10,2023-08-15
473,PRD00473,Cartons - Totam Series 502,Packaging,Cartons,Zenith Industries,HOUR,1735.03,2637.02,Discontinued,2022-08-23,2023-10-30
474,PRD00474,Servers - Voluptatibus Model 711,IT Equipment,Servers,Global Supply Co,LTR,222.71,274.58,Active,2016-03-02,2024-09-12
475,PRD00475,Bubble Wrap - Illo Series 993,Packaging,Bubble Wrap,Vertex,PAIR,17556.1,23498.34,Active,2022-09-18,2026-05-13
476,PRD00476,Timber - Omnis Model 292,Raw Materials,Timber,Everest Materials,BOX,40258.27,55157.55,Active,2016-06-21,2020-08-16
477,PRD00477,Networking - Recusandae Model 292,IT Equipment,Networking,Prime Vendors,EA,42012.51,55278.78,Active,2018-11-20,2020-04-27
478,PRD00478,Consulting - Alias Model 874,Services,Consulting,Titan Works,PAIR,2342.14,3292.48,Active,2020-06-19,2022-08-08
479,PRD00479,Software Licenses - Corrupti Type 455,IT Equipment,Software Licenses,Prime Vendors,KG,28962.61,35458.72,Active,2019-09-03,2022-10-09
480,PRD00480,Lubricants - Odit Series 434,MRO,Lubricants,Northstar,PAIR,1010.46,1390.72,Active,2024-08-04,2024-10-10
481,PRD00481,Labels - Ab Type 129,Packaging,Labels,Titan Works,KG,19319.7,25968.57,Under Review,2017-01-06,2019-02-23
482,PRD00482,Facility Management - Dolores Series 157,Services,Facility Management,Global Supply Co,MTR,14626.21,18696.6,Discontinued,2024-05-24,2024-08-10
483,PRD00483,Chemicals - Incidunt Series 608,Raw Materials,Chemicals,Aarav Traders,SET,34548.93,41483.94,Active,2017-04-21,2026-06-22
484,PRD00484,Stationery - Possimus Model 893,Office Supplies,Stationery,Northstar,MTR,14714.66,20332.04,Active,2018-02-10,2020-08-26
485,PRD00485,Cleaning Supplies - Eius Model 559,Office Supplies,Cleaning Supplies,Aarav Traders,KG,24023.07,31569.66,Active,2024-10-20,2025-01-21
486,PRD00486,Labels - Esse Model 286,Packaging,Labels,Northstar,KG,24510.34,35910.77,Discontinued,2020-12-09,2023-12-04
487,PRD00487,Furniture - Nobis Type 660,Office Supplies,Furniture,Acme Corp,KG,8442.97,11855.59,Active,2017-08-22,2020-04-20
488,PRD00488,Safety Equipment - Eos Model 370,MRO,Safety Equipment,BlueOcean,LTR,48827.97,58412.12,Active,2025-10-01,2025-10-21
489,PRD00489,Cartons - Vero Type 949,Packaging,Cartons,Northstar,EA,3217.55,4420.92,Active,2021-05-26,2026-06-13
490,PRD00490,Networking - Et Series 937,IT Equipment,Networking,Acme Corp,MTR,18067.28,27296.78,Active,2022-01-05,2023-04-16
491,PRD00491,Laptops - Illo Series 220,IT Equipment,Laptops,Aarav Traders,PAIR,28024.7,43758.23,Discontinued,2020-02-10,2025-01-05
492,PRD00492,Chemicals - Alias Type 794,Raw Materials,Chemicals,Everest Materials,LTR,5291.23,7264.03,Active,2025-12-18,2026-01-30
493,PRD00493,Furniture - Quaerat Model 919,Office Supplies,Furniture,Everest Materials,SET,24105.82,33421.86,Active,2018-12-26,2019-07-27
494,PRD00494,Servers - Quas Type 233,IT Equipment,Servers,Acme Corp,KG,22051.9,29147.06,Active,2019-08-28,2021-01-25
495,PRD00495,Tools - Adipisci Series 793,MRO,Tools,Northstar,EA,23219.9,34018.02,Active,2024-04-11,2026-04-30
496,PRD00496,Printer Consumables - Iste Model 997,Office Supplies,Printer Consumables,BlueOcean,MTR,27228.57,35554.41,Active,2025-05-12,2025-12-12
497,PRD00497,Textiles - Sint Type 251,Raw Materials,Textiles,Acme Corp,SET,45687.47,65029.01,Under Review,2023-03-31,2026-01-17
498,PRD00498,Tools - Nulla Model 361,MRO,Tools,Everest Materials,MTR,9057.44,13416.81,Active,2017-06-17,2018-08-08
499,PRD00499,Chemicals - Necessitatibus Series 991,Raw Materials,Chemicals,Acme Corp,SET,25623.8,39246.49,Active,2019-07-16,2021-06-14
500,PRD00500,Peripherals - Eum Model 978,IT Equipment,Peripherals,Vertex,KG,19075.91,30259.24,Under Review,2018-02-20,2019-03-29
